f1_threshold,records_below_threshold,record_share,extra_peak_share,missed_beat_share
0.95,70,0.26717557251908397,0.8994201605709188,0.8976510067114094
0.9,49,0.18702290076335878,0.8169307865876057,0.8557979120059657
0.8,26,0.09923664122137404,0.5958440468069476,0.7831375838926175
0.7,15,0.05725190839694656,0.41825838274649735,0.7244593586875466
0.5,6,0.022900763358778626,0.21555071627223593,0.5882736763609246
