worst_n_records,extra_peak_share,missed_beat_share
1,0.04392086897203128,0.1556208053691275
3,0.10313795455738049,0.36521252796420584
5,0.1612399643175736,0.5647837434750187
10,0.33406359867765123,0.651565995525727
20,0.4963268090465446,0.7823918717375093
30,0.6490397229364538,0.7846290082028337
50,0.8199480505850868,0.8664243102162565
